patient_id,timestamp,glucose,pred_60,risk_60
35.0,2024-12-22 08:05:00,264.36,246.203857106201,0.9998757031402461
5.0,2020-08-27 11:10:00,217.26666666666665,187.17617433100858,0.9998492371804945
49.0,2025-05-21 23:05:00,255.54666666666668,228.4034939247079,0.999831350180648
26.0,2021-04-06 15:15:00,199.76,162.76330593028885,0.997214708996776
2.0,2019-11-27 14:55:00,156.2,142.3352596106999,0.15303414674252894
44.0,2022-10-27 09:50:00,157.0,146.04245357802,0.144479632847957
45.0,2025-04-05 14:25:00,140.2,131.04215843271737,0.1353914093299036
39.0,2025-02-19 07:10:00,134.45333333333332,137.42770566712312,0.09199571130710478
9.0,2020-09-25 07:30:00,123.4,136.7270374750058,0.08425851587186226
33.0,2022-04-27 08:40:00,111.6,118.66447930893574,0.05052096562941323
46.0,2025-05-11 12:15:00,125.55999999999999,131.87696405607812,0.050272622741097055
13.0,2024-02-05 07:40:00,122.12,121.22230439262113,0.047602726555116215
11.0,2020-10-13 15:05:00,126.70666666666666,126.79351715665206,0.035878946384991894
12.0,2023-03-08 12:10:00,131.2,114.74138795816354,0.03408185781784217
18.0,2024-02-16 10:50:00,146.6,115.65355974585816,0.033176832880325746
47.0,2025-11-10 05:15:00,147.46666666666664,143.32378847132978,0.01879289025771353
29.0,2024-01-29 14:40:00,108.62666666666667,117.81222487575745,0.017931134614503293
42.0,2025-08-04 11:05:00,104.0,111.17143629401275,0.017696241813834643
6.0,2023-04-17 11:15:00,92.73333333333332,104.20906755956119,0.013646533212873999
41.0,2022-05-06 06:30:00,136.72,139.08586489296175,0.011303440551961811
4.0,2023-09-21 06:45:00,118.0,121.34237467297392,0.009920151686820622
27.0,2024-06-20 09:25:00,79.12,114.80665394061015,0.009711079558762296
48.0,2022-11-26 09:25:00,86.73333333333332,105.54746787212848,0.009309111188577851
23.0,2021-05-16 13:20:00,119.2,116.43819258758138,0.009299357154417235
28.0,2023-12-11 07:15:00,111.33333333333334,115.12163984889723,0.008966984793221802
31.0,2022-07-09 07:45:00,97.92,112.91614023129137,0.008098746379579583
22.0,2021-04-09 12:50:00,119.46666666666667,109.53500442701284,0.007851903903025611
14.0,2023-05-21 07:30:00,109.22666666666666,112.5914697274153,0.0064568027714967365
20.0,2024-03-30 13:35:00,112.46666666666665,115.44368099017119,0.004039075517327255
1.0,2020-05-11 14:55:00,86.0,98.80724215486197,0.004012714915287367
16.0,2023-07-25 15:40:00,101.04,113.26954911624414,0.0038939554698720997
8.0,2023-02-09 15:50:00,88.0,93.41294853985879,0.003041913348142378
38.0,2022-02-04 09:40:00,78.85333333333332,94.43111746656935,0.0030101014128749953
43.0,2025-10-24 10:20:00,88.0,93.82469282974513,0.001884109342888868
19.0,2020-10-09 08:15:00,83.03999999999999,99.04475659919979,0.0016104119744259997
10.0,2020-07-02 13:30:00,73.12,94.57072738281245,0.001412995312150064
3.0,2020-03-21 11:00:00,74.94666666666667,86.33396836441449,0.0013277678134131794
34.0,2022-03-12 13:10:00,81.03999999999999,97.02699749949957,0.0012869224577361222
7.0,2023-11-10 15:10:00,83.44,94.42606486324982,0.0011585050404707886
21.0,2020-06-19 11:55:00,89.0,95.41509271813827,0.0010148727136511716
30.0,2021-02-03 02:10:00,103.16,103.43739422384367,0.0007271818851010334
15.0,2024-02-06 07:25:00,40.0,41.292954417203376,0.0006100547059742762
17.0,2023-10-21 13:35:00,85.82666666666667,95.59811164066548,0.0005539024043092422
36.0,2022-04-10 06:10:00,90.70666666666666,94.45581858964596,0.0002558999593597093
32.0,2022-01-11 09:35:00,40.0,68.01344633283533,0.00021705214298427632
